{"cameraMode":{"drawMode":0,"name":"Shaded","section":"Shading Mode"},"sceneLighting":true,"audioPlay":false,"sceneViewState":{"showFog":false,"showMaterialUpdate":false,"showSkybox":false,"showFlares":false,"showImageEffects":false,"showParticleSystems":false},"in2DMode":false,"pivot":{"x":-18.553953170776368,"y":-2.6708717346191408,"z":-7.821523666381836},"rotation":{"x":-0.37147125601768496,"y":0.290846049785614,"z":-0.12376061081886292,"w":-0.872985303401947},"size":24.117137908935548,"orthographic":false}