{"cameraMode":{"drawMode":0,"name":"Shaded","section":"Shading Mode"},"sceneLighting":false,"audioPlay":false,"sceneViewState":{"showFog":false,"showMaterialUpdate":false,"showSkybox":false,"showFlares":false,"showImageEffects":false,"showParticleSystems":false},"in2DMode":false,"pivot":{"x":-0.18000000715255738,"y":0.5,"z":5.010000228881836},"rotation":{"x":-0.5411554574966431,"y":0.0017638689605519176,"z":-0.001134949503466487,"w":-0.8409199714660645},"size":7.000357151031494,"orthographic":false}