{"cameraMode":{"drawMode":0,"name":"Shaded","section":"Shading Mode"},"sceneLighting":true,"audioPlay":false,"sceneViewState":{"showFog":false,"showMaterialUpdate":false,"showSkybox":false,"showFlares":false,"showImageEffects":false,"showParticleSystems":false},"in2DMode":false,"pivot":{"x":-3.5986692905426027,"y":-17.802541732788087,"z":16.25458526611328},"rotation":{"x":-0.48310452699661257,"y":-0.017861269414424897,"z":0.009858034551143647,"w":-0.8753249645233154},"size":52.61622619628906,"orthographic":false}