{"cameraMode":{"drawMode":0,"name":"Shaded","section":"Shading Mode"},"sceneLighting":true,"audioPlay":false,"sceneViewState":{"showFog":false,"showMaterialUpdate":false,"showSkybox":false,"showFlares":false,"showImageEffects":false,"showParticleSystems":false},"in2DMode":false,"pivot":{"x":7.646717548370361,"y":-3.0168724060058595,"z":1.5946433544158936},"rotation":{"x":0.2908317446708679,"y":0.5989235639572144,"z":-0.24745871126651765,"w":0.7038998603820801},"size":9.667549133300782,"orthographic":false}